Num Etudiant,Type,Question,Attendue,Réponse,Temps,Erreur,Difficulté,Annotation
1,Addition, 5 + 9 = ?,14,1,36,Erreur dans le calcul,Facile,"Bonne reponse, continue comme ca !"
1,Soustraction, 7 - 3 =?,4,9,37,Confusion entre l'addition et la soustraction,Moyen,"Bonne reponse, continue comme ca !"
1,Probleme de mot,"Si tu as 10 bonbons et tu en donnes 2 à ton ami, combien t'en reste-t-il ?",8,10,57,Erreur dans le calcul,Facile,"Bonne reponse, continue comme ca !"
2,Addition, 5 + 9 = ?,14,10,54,Confusion entre l'addition et la soustraction,Moyen,"Bonne reponse, continue comme ca !"
2,Soustraction, 7 - 3 =?,4,13,59,Erreur dans le calcul,Difficile,"Bonne reponse, continue comme ca !"
2,Probleme de mot,"Si tu as 10 bonbons et tu en donnes 2 à ton ami, combien t'en reste-t-il ?",8,5,55,Erreur dans le calcul,Moyen,"Bonne reponse, continue comme ca !"
3,Addition, 5 + 9 = ?,14,5,43,Confusion entre l'addition et la soustraction,Moyen,"Bonne reponse, continue comme ca !"
3,Soustraction, 7 - 3 =?,4,5,42,Confusion entre l'addition et la soustraction,Difficile,"Bonne reponse, continue comme ca !"
3,Probleme de mot,"Si tu as 10 bonbons et tu en donnes 2 à ton ami, combien t'en reste-t-il ?",8,5,41,Mauvaise lecture de la question,Facile,"Bonne reponse, continue comme ca !"
4,Addition, 5 + 9 = ?,14,10,38,Mauvaise lecture de la question,Difficile,"Bonne reponse, continue comme ca !"
4,Soustraction, 7 - 3 =?,4,5,33,Mauvaise lecture de la question,Moyen,"Bonne reponse, continue comme ca !"
4,Probleme de mot,"Si tu as 10 bonbons et tu en donnes 2 à ton ami, combien t'en reste-t-il ?",8,7,40,Mauvaise lecture de la question,Difficile,"Bonne reponse, continue comme ca !"
5,Addition, 5 + 9 = ?,14,4,41,Erreur dans le calcul,Moyen,"Bonne reponse, continue comme ca !"
5,Soustraction, 7 - 3 =?,4,8,44,Mauvaise lecture de la question,Difficile,"Bonne reponse, continue comme ca !"
5,Probleme de mot,"Si tu as 10 bonbons et tu en donnes 2 à ton ami, combien t'en reste-t-il ?",8,5,33,Erreur dans le calcul,Difficile,"Bonne reponse, continue comme ca !"
6,Addition, 5 + 9 = ?,14,13,60,Erreur dans le calcul,Facile,"Bonne reponse, continue comme ca !"
6,Soustraction, 7 - 3 =?,4,5,56,Erreur dans le calcul,Difficile,"Bonne reponse, continue comme ca !"
6,Probleme de mot,"Si tu as 10 bonbons et tu en donnes 2 à ton ami, combien t'en reste-t-il ?",8,11,59,Erreur dans le calcul,Moyen,"Bonne reponse, continue comme ca !"
7,Addition, 5 + 9 = ?,14,15,55,Mauvaise lecture de la question,Moyen,"Bonne reponse, continue comme ca !"
7,Soustraction, 7 - 3 =?,4,6,58,Erreur dans le calcul,Facile,"Bonne reponse, continue comme ca !"
7,Probleme de mot,"Si tu as 10 bonbons et tu en donnes 2 à ton ami, combien t'en reste-t-il ?",8,9,48,Mauvaise lecture de la question,Difficile,"Bonne reponse, continue comme ca !"
8,Addition, 5 + 9 = ?,14,11,31,Erreur dans le calcul,Difficile,"Bonne reponse, continue comme ca !"
8,Soustraction, 7 - 3 =?,4,8,59,Mauvaise lecture de la question,Moyen,"Bonne reponse, continue comme ca !"
8,Probleme de mot,"Si tu as 10 bonbons et tu en donnes 2 à ton ami, combien t'en reste-t-il ?",8,6,43,Erreur dans le calcul,Difficile,"Bonne reponse, continue comme ca !"
9,Addition, 5 + 9 = ?,14,8,48,Confusion entre l'addition et la soustraction,Difficile,"Bonne reponse, continue comme ca !"
9,Soustraction, 7 - 3 =?,4,11,41,Erreur dans le calcul,Difficile,"Bonne reponse, continue comme ca !"
9,Probleme de mot,"Si tu as 10 bonbons et tu en donnes 2 à ton ami, combien t'en reste-t-il ?",8,3,60,Confusion entre l'addition et la soustraction,Difficile,"Bonne reponse, continue comme ca !"
10,Addition, 5 + 9 = ?,14,8,45,Confusion entre l'addition et la soustraction,Moyen,"Bonne reponse, continue comme ca !"
10,Soustraction, 7 - 3 =?,4,11,50,Confusion entre l'addition et la soustraction,Facile,"Bonne reponse, continue comme ca !"
10,Probleme de mot,"Si tu as 10 bonbons et tu en donnes 2 à ton ami, combien t'en reste-t-il ?",8,8,53,Confusion entre l'addition et la soustraction,Difficile,"Bonne reponse, continue comme ca !"
11,Addition, 5 + 9 = ?,14,11,60,Mauvaise lecture de la question,Difficile,"Bonne reponse, continue comme ca !"
11,Soustraction, 7 - 3 =?,4,3,60,Confusion entre l'addition et la soustraction,Difficile,"Bonne reponse, continue comme ca !"
11,Probleme de mot,"Si tu as 10 bonbons et tu en donnes 2 à ton ami, combien t'en reste-t-il ?",8,2,34,Erreur dans le calcul,Moyen,"Bonne reponse, continue comme ca !"
12,Addition, 5 + 9 = ?,14,9,40,Confusion entre l'addition et la soustraction,Facile,"Bonne reponse, continue comme ca !"
12,Soustraction, 7 - 3 =?,4,8,49,Mauvaise lecture de la question,Difficile,"Bonne reponse, continue comme ca !"
12,Probleme de mot,"Si tu as 10 bonbons et tu en donnes 2 à ton ami, combien t'en reste-t-il ?",8,13,34,Confusion entre l'addition et la soustraction,Moyen,"Bonne reponse, continue comme ca !"
13,Addition, 5 + 9 = ?,14,11,52,Mauvaise lecture de la question,Moyen,"Bonne reponse, continue comme ca !"
13,Soustraction, 7 - 3 =?,4,8,54,Confusion entre l'addition et la soustraction,Difficile,"Bonne reponse, continue comme ca !"
13,Probleme de mot,"Si tu as 10 bonbons et tu en donnes 2 à ton ami, combien t'en reste-t-il ?",8,6,51,Erreur dans le calcul,Difficile,"Bonne reponse, continue comme ca !"
14,Addition, 5 + 9 = ?,14,13,58,Confusion entre l'addition et la soustraction,Difficile,"Bonne reponse, continue comme ca !"
14,Soustraction, 7 - 3 =?,4,4,59,Mauvaise lecture de la question,Difficile,"Bonne reponse, continue comme ca !"
14,Probleme de mot,"Si tu as 10 bonbons et tu en donnes 2 à ton ami, combien t'en reste-t-il ?",8,8,54,Mauvaise lecture de la question,Difficile,"Bonne reponse, continue comme ca !"
15,Addition, 5 + 9 = ?,14,11,31,Mauvaise lecture de la question,Difficile,"Bonne reponse, continue comme ca !"
15,Soustraction, 7 - 3 =?,4,13,35,Confusion entre l'addition et la soustraction,Moyen,"Bonne reponse, continue comme ca !"
15,Probleme de mot,"Si tu as 10 bonbons et tu en donnes 2 à ton ami, combien t'en reste-t-il ?",8,12,39,Mauvaise lecture de la question,Moyen,"Bonne reponse, continue comme ca !"
16,Addition, 5 + 9 = ?,14,8,42,Erreur dans le calcul,Facile,"Bonne reponse, continue comme ca !"
16,Soustraction, 7 - 3 =?,4,7,58,Mauvaise lecture de la question,Difficile,"Bonne reponse, continue comme ca !"
16,Probleme de mot,"Si tu as 10 bonbons et tu en donnes 2 à ton ami, combien t'en reste-t-il ?",8,12,31,Confusion entre l'addition et la soustraction,Facile,"Bonne reponse, continue comme ca !"
17,Addition, 5 + 9 = ?,14,11,42,Confusion entre l'addition et la soustraction,Facile,"Bonne reponse, continue comme ca !"
17,Soustraction, 7 - 3 =?,4,7,53,Erreur dans le calcul,Difficile,"Bonne reponse, continue comme ca !"
17,Probleme de mot,"Si tu as 10 bonbons et tu en donnes 2 à ton ami, combien t'en reste-t-il ?",8,15,37,Confusion entre l'addition et la soustraction,Moyen,"Bonne reponse, continue comme ca !"
18,Addition, 5 + 9 = ?,14,10,30,Mauvaise lecture de la question,Facile,"Bonne reponse, continue comme ca !"
18,Soustraction, 7 - 3 =?,4,3,48,Confusion entre l'addition et la soustraction,Facile,"Bonne reponse, continue comme ca !"
18,Probleme de mot,"Si tu as 10 bonbons et tu en donnes 2 à ton ami, combien t'en reste-t-il ?",8,3,53,Confusion entre l'addition et la soustraction,Moyen,"Bonne reponse, continue comme ca !"
19,Addition, 5 + 9 = ?,14,15,41,Erreur dans le calcul,Facile,"Bonne reponse, continue comme ca !"
19,Soustraction, 7 - 3 =?,4,15,45,Mauvaise lecture de la question,Moyen,"Bonne reponse, continue comme ca !"
19,Probleme de mot,"Si tu as 10 bonbons et tu en donnes 2 à ton ami, combien t'en reste-t-il ?",8,4,35,Mauvaise lecture de la question,Moyen,"Bonne reponse, continue comme ca !"
20,Addition, 5 + 9 = ?,14,2,49,Mauvaise lecture de la question,Moyen,"Bonne reponse, continue comme ca !"
20,Soustraction, 7 - 3 =?,4,6,50,Confusion entre l'addition et la soustraction,Moyen,"Bonne reponse, continue comme ca !"
20,Probleme de mot,"Si tu as 10 bonbons et tu en donnes 2 à ton ami, combien t'en reste-t-il ?",8,7,33,Mauvaise lecture de la question,Moyen,"Bonne reponse, continue comme ca !"
21,Addition, 5 + 9 = ?,14,7,46,Erreur dans le calcul,Moyen,"Bonne reponse, continue comme ca !"
21,Soustraction, 7 - 3 =?,4,10,48,Confusion entre l'addition et la soustraction,Difficile,"Bonne reponse, continue comme ca !"
21,Probleme de mot,"Si tu as 10 bonbons et tu en donnes 2 à ton ami, combien t'en reste-t-il ?",8,8,39,Confusion entre l'addition et la soustraction,Difficile,"Bonne reponse, continue comme ca !"
22,Addition, 5 + 9 = ?,14,8,60,Confusion entre l'addition et la soustraction,Moyen,"Bonne reponse, continue comme ca !"
22,Soustraction, 7 - 3 =?,4,2,40,Erreur dans le calcul,Facile,"Bonne reponse, continue comme ca !"
22,Probleme de mot,"Si tu as 10 bonbons et tu en donnes 2 à ton ami, combien t'en reste-t-il ?",8,13,42,Confusion entre l'addition et la soustraction,Facile,"Bonne reponse, continue comme ca !"
23,Addition, 5 + 9 = ?,14,11,47,Mauvaise lecture de la question,Moyen,"Bonne reponse, continue comme ca !"
23,Soustraction, 7 - 3 =?,4,1,38,Mauvaise lecture de la question,Facile,"Bonne reponse, continue comme ca !"
23,Probleme de mot,"Si tu as 10 bonbons et tu en donnes 2 à ton ami, combien t'en reste-t-il ?",8,6,58,Mauvaise lecture de la question,Difficile,"Bonne reponse, continue comme ca !"
24,Addition, 5 + 9 = ?,14,8,34,Mauvaise lecture de la question,Difficile,"Bonne reponse, continue comme ca !"
24,Soustraction, 7 - 3 =?,4,14,41,Mauvaise lecture de la question,Facile,"Bonne reponse, continue comme ca !"
24,Probleme de mot,"Si tu as 10 bonbons et tu en donnes 2 à ton ami, combien t'en reste-t-il ?",8,8,48,Confusion entre l'addition et la soustraction,Facile,"Bonne reponse, continue comme ca !"
25,Addition, 5 + 9 = ?,14,7,44,Erreur dans le calcul,Facile,"Bonne reponse, continue comme ca !"
25,Soustraction, 7 - 3 =?,4,7,40,Erreur dans le calcul,Facile,"Bonne reponse, continue comme ca !"
25,Probleme de mot,"Si tu as 10 bonbons et tu en donnes 2 à ton ami, combien t'en reste-t-il ?",8,8,51,Mauvaise lecture de la question,Difficile,"Bonne reponse, continue comme ca !"
26,Addition, 5 + 9 = ?,14,4,54,Mauvaise lecture de la question,Difficile,"Bonne reponse, continue comme ca !"
26,Soustraction, 7 - 3 =?,4,5,42,Confusion entre l'addition et la soustraction,Difficile,"Bonne reponse, continue comme ca !"
26,Probleme de mot,"Si tu as 10 bonbons et tu en donnes 2 à ton ami, combien t'en reste-t-il ?",8,13,34,Mauvaise lecture de la question,Facile,"Bonne reponse, continue comme ca !"
27,Addition, 5 + 9 = ?,14,5,46,Mauvaise lecture de la question,Difficile,"Bonne reponse, continue comme ca !"
27,Soustraction, 7 - 3 =?,4,4,39,Mauvaise lecture de la question,Moyen,"Bonne reponse, continue comme ca !"
27,Probleme de mot,"Si tu as 10 bonbons et tu en donnes 2 à ton ami, combien t'en reste-t-il ?",8,6,51,Mauvaise lecture de la question,Facile,"Bonne reponse, continue comme ca !"
28,Addition, 5 + 9 = ?,14,1,39,Mauvaise lecture de la question,Facile,"Bonne reponse, continue comme ca !"
28,Soustraction, 7 - 3 =?,4,11,41,Erreur dans le calcul,Difficile,"Bonne reponse, continue comme ca !"
28,Probleme de mot,"Si tu as 10 bonbons et tu en donnes 2 à ton ami, combien t'en reste-t-il ?",8,10,39,Confusion entre l'addition et la soustraction,Moyen,"Bonne reponse, continue comme ca !"
29,Addition, 5 + 9 = ?,14,14,39,Confusion entre l'addition et la soustraction,Difficile,"Bonne reponse, continue comme ca !"
29,Soustraction, 7 - 3 =?,4,8,57,Mauvaise lecture de la question,Facile,"Bonne reponse, continue comme ca !"
29,Probleme de mot,"Si tu as 10 bonbons et tu en donnes 2 à ton ami, combien t'en reste-t-il ?",8,13,45,Mauvaise lecture de la question,Facile,"Bonne reponse, continue comme ca !"
30,Addition, 5 + 9 = ?,14,15,38,Mauvaise lecture de la question,Facile,"Bonne reponse, continue comme ca !"
30,Soustraction, 7 - 3 =?,4,7,35,Erreur dans le calcul,Moyen,"Bonne reponse, continue comme ca !"
30,Probleme de mot,"Si tu as 10 bonbons et tu en donnes 2 à ton ami, combien t'en reste-t-il ?",8,5,54,Mauvaise lecture de la question,Difficile,"Bonne reponse, continue comme ca !"
31,Addition, 5 + 9 = ?,14,1,32,Mauvaise lecture de la question,Moyen,"Bonne reponse, continue comme ca !"
31,Soustraction, 7 - 3 =?,4,2,43,Mauvaise lecture de la question,Facile,"Bonne reponse, continue comme ca !"
31,Probleme de mot,"Si tu as 10 bonbons et tu en donnes 2 à ton ami, combien t'en reste-t-il ?",8,9,57,Erreur dans le calcul,Moyen,"Bonne reponse, continue comme ca !"
32,Addition, 5 + 9 = ?,14,5,50,Confusion entre l'addition et la soustraction,Facile,"Bonne reponse, continue comme ca !"
32,Soustraction, 7 - 3 =?,4,13,38,Mauvaise lecture de la question,Difficile,"Bonne reponse, continue comme ca !"
32,Probleme de mot,"Si tu as 10 bonbons et tu en donnes 2 à ton ami, combien t'en reste-t-il ?",8,11,46,Confusion entre l'addition et la soustraction,Difficile,"Bonne reponse, continue comme ca !"
33,Addition, 5 + 9 = ?,14,10,54,Erreur dans le calcul,Moyen,"Bonne reponse, continue comme ca !"
33,Soustraction, 7 - 3 =?,4,10,44,Confusion entre l'addition et la soustraction,Moyen,"Bonne reponse, continue comme ca !"
33,Probleme de mot,"Si tu as 10 bonbons et tu en donnes 2 à ton ami, combien t'en reste-t-il ?",8,1,51,Erreur dans le calcul,Difficile,"Bonne reponse, continue comme ca !"
34,Addition, 5 + 9 = ?,14,5,60,Erreur dans le calcul,Difficile,"Bonne reponse, continue comme ca !"
34,Soustraction, 7 - 3 =?,4,2,41,Erreur dans le calcul,Difficile,"Bonne reponse, continue comme ca !"
34,Probleme de mot,"Si tu as 10 bonbons et tu en donnes 2 à ton ami, combien t'en reste-t-il ?",8,5,35,Erreur dans le calcul,Difficile,"Bonne reponse, continue comme ca !"
35,Addition, 5 + 9 = ?,14,12,55,Mauvaise lecture de la question,Difficile,"Bonne reponse, continue comme ca !"
35,Soustraction, 7 - 3 =?,4,1,57,Mauvaise lecture de la question,Difficile,"Bonne reponse, continue comme ca !"
35,Probleme de mot,"Si tu as 10 bonbons et tu en donnes 2 à ton ami, combien t'en reste-t-il ?",8,11,53,Confusion entre l'addition et la soustraction,Moyen,"Bonne reponse, continue comme ca !"
36,Addition, 5 + 9 = ?,14,12,48,Confusion entre l'addition et la soustraction,Facile,"Bonne reponse, continue comme ca !"
36,Soustraction, 7 - 3 =?,4,5,31,Confusion entre l'addition et la soustraction,Moyen,"Bonne reponse, continue comme ca !"
36,Probleme de mot,"Si tu as 10 bonbons et tu en donnes 2 à ton ami, combien t'en reste-t-il ?",8,10,49,Confusion entre l'addition et la soustraction,Difficile,"Bonne reponse, continue comme ca !"
37,Addition, 5 + 9 = ?,14,2,46,Mauvaise lecture de la question,Moyen,"Bonne reponse, continue comme ca !"
37,Soustraction, 7 - 3 =?,4,11,35,Erreur dans le calcul,Facile,"Bonne reponse, continue comme ca !"
37,Probleme de mot,"Si tu as 10 bonbons et tu en donnes 2 à ton ami, combien t'en reste-t-il ?",8,14,41,Confusion entre l'addition et la soustraction,Difficile,"Bonne reponse, continue comme ca !"
38,Addition, 5 + 9 = ?,14,13,33,Confusion entre l'addition et la soustraction,Moyen,"Bonne reponse, continue comme ca !"
38,Soustraction, 7 - 3 =?,4,10,36,Confusion entre l'addition et la soustraction,Moyen,"Bonne reponse, continue comme ca !"
38,Probleme de mot,"Si tu as 10 bonbons et tu en donnes 2 à ton ami, combien t'en reste-t-il ?",8,8,36,Confusion entre l'addition et la soustraction,Facile,"Bonne reponse, continue comme ca !"
39,Addition, 5 + 9 = ?,14,12,40,Mauvaise lecture de la question,Moyen,"Bonne reponse, continue comme ca !"
39,Soustraction, 7 - 3 =?,4,3,53,Confusion entre l'addition et la soustraction,Moyen,"Bonne reponse, continue comme ca !"
39,Probleme de mot,"Si tu as 10 bonbons et tu en donnes 2 à ton ami, combien t'en reste-t-il ?",8,11,38,Confusion entre l'addition et la soustraction,Moyen,"Bonne reponse, continue comme ca !"
40,Addition, 5 + 9 = ?,14,13,41,Confusion entre l'addition et la soustraction,Difficile,"Bonne reponse, continue comme ca !"
40,Soustraction, 7 - 3 =?,4,4,59,Erreur dans le calcul,Facile,"Bonne reponse, continue comme ca !"
40,Probleme de mot,"Si tu as 10 bonbons et tu en donnes 2 à ton ami, combien t'en reste-t-il ?",8,11,36,Erreur dans le calcul,Moyen,"Bonne reponse, continue comme ca !"
41,Addition, 5 + 9 = ?,14,2,50,Mauvaise lecture de la question,Facile,"Bonne reponse, continue comme ca !"
41,Soustraction, 7 - 3 =?,4,12,59,Mauvaise lecture de la question,Difficile,"Bonne reponse, continue comme ca !"
41,Probleme de mot,"Si tu as 10 bonbons et tu en donnes 2 à ton ami, combien t'en reste-t-il ?",8,15,48,Confusion entre l'addition et la soustraction,Moyen,"Bonne reponse, continue comme ca !"
42,Addition, 5 + 9 = ?,14,5,47,Mauvaise lecture de la question,Difficile,"Bonne reponse, continue comme ca !"
42,Soustraction, 7 - 3 =?,4,12,39,Erreur dans le calcul,Facile,"Bonne reponse, continue comme ca !"
42,Probleme de mot,"Si tu as 10 bonbons et tu en donnes 2 à ton ami, combien t'en reste-t-il ?",8,2,60,Erreur dans le calcul,Facile,"Bonne reponse, continue comme ca !"
43,Addition, 5 + 9 = ?,14,8,35,Mauvaise lecture de la question,Facile,"Bonne reponse, continue comme ca !"
43,Soustraction, 7 - 3 =?,4,12,54,Erreur dans le calcul,Difficile,"Bonne reponse, continue comme ca !"
43,Probleme de mot,"Si tu as 10 bonbons et tu en donnes 2 à ton ami, combien t'en reste-t-il ?",8,1,50,Mauvaise lecture de la question,Moyen,"Bonne reponse, continue comme ca !"
44,Addition, 5 + 9 = ?,14,12,30,Erreur dans le calcul,Facile,"Bonne reponse, continue comme ca !"
44,Soustraction, 7 - 3 =?,4,10,60,Confusion entre l'addition et la soustraction,Difficile,"Bonne reponse, continue comme ca !"
44,Probleme de mot,"Si tu as 10 bonbons et tu en donnes 2 à ton ami, combien t'en reste-t-il ?",8,4,31,Erreur dans le calcul,Moyen,"Bonne reponse, continue comme ca !"
45,Addition, 5 + 9 = ?,14,8,48,Erreur dans le calcul,Moyen,"Bonne reponse, continue comme ca !"
45,Soustraction, 7 - 3 =?,4,8,37,Mauvaise lecture de la question,Facile,"Bonne reponse, continue comme ca !"
45,Probleme de mot,"Si tu as 10 bonbons et tu en donnes 2 à ton ami, combien t'en reste-t-il ?",8,12,57,Confusion entre l'addition et la soustraction,Difficile,"Bonne reponse, continue comme ca !"
46,Addition, 5 + 9 = ?,14,14,41,Mauvaise lecture de la question,Difficile,"Bonne reponse, continue comme ca !"
46,Soustraction, 7 - 3 =?,4,13,40,Confusion entre l'addition et la soustraction,Facile,"Bonne reponse, continue comme ca !"
46,Probleme de mot,"Si tu as 10 bonbons et tu en donnes 2 à ton ami, combien t'en reste-t-il ?",8,13,45,Mauvaise lecture de la question,Facile,"Bonne reponse, continue comme ca !"
47,Addition, 5 + 9 = ?,14,7,45,Mauvaise lecture de la question,Difficile,"Bonne reponse, continue comme ca !"
47,Soustraction, 7 - 3 =?,4,9,38,Mauvaise lecture de la question,Difficile,"Bonne reponse, continue comme ca !"
47,Probleme de mot,"Si tu as 10 bonbons et tu en donnes 2 à ton ami, combien t'en reste-t-il ?",8,1,48,Mauvaise lecture de la question,Difficile,"Bonne reponse, continue comme ca !"
48,Addition, 5 + 9 = ?,14,4,30,Mauvaise lecture de la question,Facile,"Bonne reponse, continue comme ca !"
48,Soustraction, 7 - 3 =?,4,6,59,Mauvaise lecture de la question,Moyen,"Bonne reponse, continue comme ca !"
48,Probleme de mot,"Si tu as 10 bonbons et tu en donnes 2 à ton ami, combien t'en reste-t-il ?",8,12,31,Confusion entre l'addition et la soustraction,Difficile,"Bonne reponse, continue comme ca !"
49,Addition, 5 + 9 = ?,14,2,51,Mauvaise lecture de la question,Moyen,"Bonne reponse, continue comme ca !"
49,Soustraction, 7 - 3 =?,4,1,41,Mauvaise lecture de la question,Facile,"Bonne reponse, continue comme ca !"
49,Probleme de mot,"Si tu as 10 bonbons et tu en donnes 2 à ton ami, combien t'en reste-t-il ?",8,13,34,Confusion entre l'addition et la soustraction,Moyen,"Bonne reponse, continue comme ca !"
50,Addition, 5 + 9 = ?,14,14,50,Mauvaise lecture de la question,Difficile,"Bonne reponse, continue comme ca !"
50,Soustraction, 7 - 3 =?,4,8,51,Mauvaise lecture de la question,Facile,"Bonne reponse, continue comme ca !"
50,Probleme de mot,"Si tu as 10 bonbons et tu en donnes 2 à ton ami, combien t'en reste-t-il ?",8,11,56,Mauvaise lecture de la question,Facile,"Bonne reponse, continue comme ca !"
51,Addition, 5 + 9 = ?,14,14,58,Erreur dans le calcul,Moyen,"Bonne reponse, continue comme ca !"
51,Soustraction, 7 - 3 =?,4,12,46,Mauvaise lecture de la question,Facile,"Bonne reponse, continue comme ca !"
51,Probleme de mot,"Si tu as 10 bonbons et tu en donnes 2 à ton ami, combien t'en reste-t-il ?",8,7,48,Erreur dans le calcul,Facile,"Bonne reponse, continue comme ca !"
52,Addition, 5 + 9 = ?,14,8,40,Confusion entre l'addition et la soustraction,Difficile,"Bonne reponse, continue comme ca !"
52,Soustraction, 7 - 3 =?,4,9,58,Mauvaise lecture de la question,Moyen,"Bonne reponse, continue comme ca !"
52,Probleme de mot,"Si tu as 10 bonbons et tu en donnes 2 à ton ami, combien t'en reste-t-il ?",8,7,42,Erreur dans le calcul,Difficile,"Bonne reponse, continue comme ca !"
53,Addition, 5 + 9 = ?,14,13,39,Mauvaise lecture de la question,Facile,"Bonne reponse, continue comme ca !"
53,Soustraction, 7 - 3 =?,4,9,46,Mauvaise lecture de la question,Difficile,"Bonne reponse, continue comme ca !"
53,Probleme de mot,"Si tu as 10 bonbons et tu en donnes 2 à ton ami, combien t'en reste-t-il ?",8,15,56,Erreur dans le calcul,Moyen,"Bonne reponse, continue comme ca !"
54,Addition, 5 + 9 = ?,14,6,34,Mauvaise lecture de la question,Facile,"Bonne reponse, continue comme ca !"
54,Soustraction, 7 - 3 =?,4,13,57,Confusion entre l'addition et la soustraction,Moyen,"Bonne reponse, continue comme ca !"
54,Probleme de mot,"Si tu as 10 bonbons et tu en donnes 2 à ton ami, combien t'en reste-t-il ?",8,15,59,Confusion entre l'addition et la soustraction,Moyen,"Bonne reponse, continue comme ca !"
55,Addition, 5 + 9 = ?,14,8,46,Confusion entre l'addition et la soustraction,Difficile,"Bonne reponse, continue comme ca !"
55,Soustraction, 7 - 3 =?,4,4,35,Mauvaise lecture de la question,Facile,"Bonne reponse, continue comme ca !"
55,Probleme de mot,"Si tu as 10 bonbons et tu en donnes 2 à ton ami, combien t'en reste-t-il ?",8,3,30,Confusion entre l'addition et la soustraction,Difficile,"Bonne reponse, continue comme ca !"
56,Addition, 5 + 9 = ?,14,2,40,Mauvaise lecture de la question,Difficile,"Bonne reponse, continue comme ca !"
56,Soustraction, 7 - 3 =?,4,6,54,Confusion entre l'addition et la soustraction,Facile,"Bonne reponse, continue comme ca !"
56,Probleme de mot,"Si tu as 10 bonbons et tu en donnes 2 à ton ami, combien t'en reste-t-il ?",8,10,30,Confusion entre l'addition et la soustraction,Facile,"Bonne reponse, continue comme ca !"
57,Addition, 5 + 9 = ?,14,11,47,Erreur dans le calcul,Facile,"Bonne reponse, continue comme ca !"
57,Soustraction, 7 - 3 =?,4,6,56,Mauvaise lecture de la question,Difficile,"Bonne reponse, continue comme ca !"
57,Probleme de mot,"Si tu as 10 bonbons et tu en donnes 2 à ton ami, combien t'en reste-t-il ?",8,14,31,Erreur dans le calcul,Difficile,"Bonne reponse, continue comme ca !"
58,Addition, 5 + 9 = ?,14,6,54,Mauvaise lecture de la question,Difficile,"Bonne reponse, continue comme ca !"
58,Soustraction, 7 - 3 =?,4,13,35,Erreur dans le calcul,Moyen,"Bonne reponse, continue comme ca !"
58,Probleme de mot,"Si tu as 10 bonbons et tu en donnes 2 à ton ami, combien t'en reste-t-il ?",8,4,52,Erreur dans le calcul,Moyen,"Bonne reponse, continue comme ca !"
59,Addition, 5 + 9 = ?,14,4,50,Confusion entre l'addition et la soustraction,Facile,"Bonne reponse, continue comme ca !"
59,Soustraction, 7 - 3 =?,4,5,36,Erreur dans le calcul,Moyen,"Bonne reponse, continue comme ca !"
59,Probleme de mot,"Si tu as 10 bonbons et tu en donnes 2 à ton ami, combien t'en reste-t-il ?",8,9,57,Confusion entre l'addition et la soustraction,Moyen,"Bonne reponse, continue comme ca !"
60,Addition, 5 + 9 = ?,14,14,59,Mauvaise lecture de la question,Moyen,"Bonne reponse, continue comme ca !"
60,Soustraction, 7 - 3 =?,4,15,59,Confusion entre l'addition et la soustraction,Facile,"Bonne reponse, continue comme ca !"
60,Probleme de mot,"Si tu as 10 bonbons et tu en donnes 2 à ton ami, combien t'en reste-t-il ?",8,6,52,Mauvaise lecture de la question,Moyen,"Bonne reponse, continue comme ca !"
61,Addition, 5 + 9 = ?,14,15,32,Mauvaise lecture de la question,Moyen,"Bonne reponse, continue comme ca !"
61,Soustraction, 7 - 3 =?,4,1,35,Mauvaise lecture de la question,Difficile,"Bonne reponse, continue comme ca !"
61,Probleme de mot,"Si tu as 10 bonbons et tu en donnes 2 à ton ami, combien t'en reste-t-il ?",8,6,57,Confusion entre l'addition et la soustraction,Moyen,"Bonne reponse, continue comme ca !"
62,Addition, 5 + 9 = ?,14,15,30,Confusion entre l'addition et la soustraction,Facile,"Bonne reponse, continue comme ca !"
62,Soustraction, 7 - 3 =?,4,11,48,Erreur dans le calcul,Moyen,"Bonne reponse, continue comme ca !"
62,Probleme de mot,"Si tu as 10 bonbons et tu en donnes 2 à ton ami, combien t'en reste-t-il ?",8,2,54,Erreur dans le calcul,Moyen,"Bonne reponse, continue comme ca !"
63,Addition, 5 + 9 = ?,14,9,50,Mauvaise lecture de la question,Difficile,"Bonne reponse, continue comme ca !"
63,Soustraction, 7 - 3 =?,4,6,37,Erreur dans le calcul,Facile,"Bonne reponse, continue comme ca !"
63,Probleme de mot,"Si tu as 10 bonbons et tu en donnes 2 à ton ami, combien t'en reste-t-il ?",8,12,38,Confusion entre l'addition et la soustraction,Facile,"Bonne reponse, continue comme ca !"
64,Addition, 5 + 9 = ?,14,2,55,Mauvaise lecture de la question,Difficile,"Bonne reponse, continue comme ca !"
64,Soustraction, 7 - 3 =?,4,11,47,Confusion entre l'addition et la soustraction,Difficile,"Bonne reponse, continue comme ca !"
64,Probleme de mot,"Si tu as 10 bonbons et tu en donnes 2 à ton ami, combien t'en reste-t-il ?",8,7,34,Confusion entre l'addition et la soustraction,Difficile,"Bonne reponse, continue comme ca !"
65,Addition, 5 + 9 = ?,14,1,49,Erreur dans le calcul,Facile,"Bonne reponse, continue comme ca !"
65,Soustraction, 7 - 3 =?,4,15,56,Confusion entre l'addition et la soustraction,Moyen,"Bonne reponse, continue comme ca !"
65,Probleme de mot,"Si tu as 10 bonbons et tu en donnes 2 à ton ami, combien t'en reste-t-il ?",8,8,42,Mauvaise lecture de la question,Difficile,"Bonne reponse, continue comme ca !"
66,Addition, 5 + 9 = ?,14,1,35,Erreur dans le calcul,Difficile,"Bonne reponse, continue comme ca !"
66,Soustraction, 7 - 3 =?,4,9,49,Mauvaise lecture de la question,Moyen,"Bonne reponse, continue comme ca !"
66,Probleme de mot,"Si tu as 10 bonbons et tu en donnes 2 à ton ami, combien t'en reste-t-il ?",8,9,39,Erreur dans le calcul,Facile,"Bonne reponse, continue comme ca !"
67,Addition, 5 + 9 = ?,14,10,33,Mauvaise lecture de la question,Difficile,"Bonne reponse, continue comme ca !"
67,Soustraction, 7 - 3 =?,4,15,37,Erreur dans le calcul,Moyen,"Bonne reponse, continue comme ca !"
67,Probleme de mot,"Si tu as 10 bonbons et tu en donnes 2 à ton ami, combien t'en reste-t-il ?",8,8,52,Mauvaise lecture de la question,Moyen,"Bonne reponse, continue comme ca !"
68,Addition, 5 + 9 = ?,14,5,48,Mauvaise lecture de la question,Difficile,"Bonne reponse, continue comme ca !"
68,Soustraction, 7 - 3 =?,4,13,50,Erreur dans le calcul,Moyen,"Bonne reponse, continue comme ca !"
68,Probleme de mot,"Si tu as 10 bonbons et tu en donnes 2 à ton ami, combien t'en reste-t-il ?",8,12,55,Erreur dans le calcul,Facile,"Bonne reponse, continue comme ca !"
69,Addition, 5 + 9 = ?,14,15,35,Confusion entre l'addition et la soustraction,Facile,"Bonne reponse, continue comme ca !"
69,Soustraction, 7 - 3 =?,4,9,43,Confusion entre l'addition et la soustraction,Difficile,"Bonne reponse, continue comme ca !"
69,Probleme de mot,"Si tu as 10 bonbons et tu en donnes 2 à ton ami, combien t'en reste-t-il ?",8,13,58,Confusion entre l'addition et la soustraction,Moyen,"Bonne reponse, continue comme ca !"
70,Addition, 5 + 9 = ?,14,11,53,Confusion entre l'addition et la soustraction,Facile,"Bonne reponse, continue comme ca !"
70,Soustraction, 7 - 3 =?,4,5,55,Mauvaise lecture de la question,Moyen,"Bonne reponse, continue comme ca !"
70,Probleme de mot,"Si tu as 10 bonbons et tu en donnes 2 à ton ami, combien t'en reste-t-il ?",8,1,50,Mauvaise lecture de la question,Difficile,"Bonne reponse, continue comme ca !"
71,Addition, 5 + 9 = ?,14,8,49,Erreur dans le calcul,Moyen,"Bonne reponse, continue comme ca !"
71,Soustraction, 7 - 3 =?,4,5,39,Confusion entre l'addition et la soustraction,Difficile,"Bonne reponse, continue comme ca !"
71,Probleme de mot,"Si tu as 10 bonbons et tu en donnes 2 à ton ami, combien t'en reste-t-il ?",8,8,41,Erreur dans le calcul,Facile,"Bonne reponse, continue comme ca !"
72,Addition, 5 + 9 = ?,14,12,30,Mauvaise lecture de la question,Moyen,"Bonne reponse, continue comme ca !"
72,Soustraction, 7 - 3 =?,4,5,58,Mauvaise lecture de la question,Difficile,"Bonne reponse, continue comme ca !"
72,Probleme de mot,"Si tu as 10 bonbons et tu en donnes 2 à ton ami, combien t'en reste-t-il ?",8,8,44,Erreur dans le calcul,Moyen,"Bonne reponse, continue comme ca !"
73,Addition, 5 + 9 = ?,14,11,50,Erreur dans le calcul,Difficile,"Bonne reponse, continue comme ca !"
73,Soustraction, 7 - 3 =?,4,10,44,Erreur dans le calcul,Facile,"Bonne reponse, continue comme ca !"
73,Probleme de mot,"Si tu as 10 bonbons et tu en donnes 2 à ton ami, combien t'en reste-t-il ?",8,1,60,Erreur dans le calcul,Facile,"Bonne reponse, continue comme ca !"
74,Addition, 5 + 9 = ?,14,9,53,Erreur dans le calcul,Facile,"Bonne reponse, continue comme ca !"
74,Soustraction, 7 - 3 =?,4,1,56,Confusion entre l'addition et la soustraction,Facile,"Bonne reponse, continue comme ca !"
74,Probleme de mot,"Si tu as 10 bonbons et tu en donnes 2 à ton ami, combien t'en reste-t-il ?",8,13,40,Erreur dans le calcul,Facile,"Bonne reponse, continue comme ca !"
75,Addition, 5 + 9 = ?,14,2,34,Confusion entre l'addition et la soustraction,Difficile,"Bonne reponse, continue comme ca !"
75,Soustraction, 7 - 3 =?,4,5,58,Confusion entre l'addition et la soustraction,Facile,"Bonne reponse, continue comme ca !"
75,Probleme de mot,"Si tu as 10 bonbons et tu en donnes 2 à ton ami, combien t'en reste-t-il ?",8,5,42,Erreur dans le calcul,Facile,"Bonne reponse, continue comme ca !"
76,Addition, 5 + 9 = ?,14,8,59,Erreur dans le calcul,Facile,"Bonne reponse, continue comme ca !"
76,Soustraction, 7 - 3 =?,4,14,31,Erreur dans le calcul,Facile,"Bonne reponse, continue comme ca !"
76,Probleme de mot,"Si tu as 10 bonbons et tu en donnes 2 à ton ami, combien t'en reste-t-il ?",8,11,60,Mauvaise lecture de la question,Difficile,"Bonne reponse, continue comme ca !"
77,Addition, 5 + 9 = ?,14,4,56,Erreur dans le calcul,Facile,"Bonne reponse, continue comme ca !"
77,Soustraction, 7 - 3 =?,4,5,40,Confusion entre l'addition et la soustraction,Moyen,"Bonne reponse, continue comme ca !"
77,Probleme de mot,"Si tu as 10 bonbons et tu en donnes 2 à ton ami, combien t'en reste-t-il ?",8,9,38,Erreur dans le calcul,Moyen,"Bonne reponse, continue comme ca !"
78,Addition, 5 + 9 = ?,14,14,43,Erreur dans le calcul,Facile,"Bonne reponse, continue comme ca !"
78,Soustraction, 7 - 3 =?,4,2,37,Erreur dans le calcul,Difficile,"Bonne reponse, continue comme ca !"
78,Probleme de mot,"Si tu as 10 bonbons et tu en donnes 2 à ton ami, combien t'en reste-t-il ?",8,4,44,Confusion entre l'addition et la soustraction,Facile,"Bonne reponse, continue comme ca !"
79,Addition, 5 + 9 = ?,14,14,37,Erreur dans le calcul,Facile,"Bonne reponse, continue comme ca !"
79,Soustraction, 7 - 3 =?,4,2,45,Mauvaise lecture de la question,Moyen,"Bonne reponse, continue comme ca !"
79,Probleme de mot,"Si tu as 10 bonbons et tu en donnes 2 à ton ami, combien t'en reste-t-il ?",8,11,60,Confusion entre l'addition et la soustraction,Facile,"Bonne reponse, continue comme ca !"
80,Addition, 5 + 9 = ?,14,7,34,Erreur dans le calcul,Moyen,"Bonne reponse, continue comme ca !"
80,Soustraction, 7 - 3 =?,4,4,31,Erreur dans le calcul,Difficile,"Bonne reponse, continue comme ca !"
80,Probleme de mot,"Si tu as 10 bonbons et tu en donnes 2 à ton ami, combien t'en reste-t-il ?",8,4,41,Erreur dans le calcul,Moyen,"Bonne reponse, continue comme ca !"
81,Addition, 5 + 9 = ?,14,8,38,Mauvaise lecture de la question,Facile,"Bonne reponse, continue comme ca !"
81,Soustraction, 7 - 3 =?,4,11,57,Mauvaise lecture de la question,Facile,"Bonne reponse, continue comme ca !"
81,Probleme de mot,"Si tu as 10 bonbons et tu en donnes 2 à ton ami, combien t'en reste-t-il ?",8,7,50,Confusion entre l'addition et la soustraction,Difficile,"Bonne reponse, continue comme ca !"
82,Addition, 5 + 9 = ?,14,7,45,Erreur dans le calcul,Moyen,"Bonne reponse, continue comme ca !"
82,Soustraction, 7 - 3 =?,4,9,48,Erreur dans le calcul,Moyen,"Bonne reponse, continue comme ca !"
82,Probleme de mot,"Si tu as 10 bonbons et tu en donnes 2 à ton ami, combien t'en reste-t-il ?",8,5,54,Confusion entre l'addition et la soustraction,Difficile,"Bonne reponse, continue comme ca !"
83,Addition, 5 + 9 = ?,14,9,50,Confusion entre l'addition et la soustraction,Moyen,"Bonne reponse, continue comme ca !"
83,Soustraction, 7 - 3 =?,4,4,55,Erreur dans le calcul,Moyen,"Bonne reponse, continue comme ca !"
83,Probleme de mot,"Si tu as 10 bonbons et tu en donnes 2 à ton ami, combien t'en reste-t-il ?",8,8,41,Confusion entre l'addition et la soustraction,Moyen,"Bonne reponse, continue comme ca !"
84,Addition, 5 + 9 = ?,14,4,57,Mauvaise lecture de la question,Moyen,"Bonne reponse, continue comme ca !"
84,Soustraction, 7 - 3 =?,4,13,43,Confusion entre l'addition et la soustraction,Difficile,"Bonne reponse, continue comme ca !"
84,Probleme de mot,"Si tu as 10 bonbons et tu en donnes 2 à ton ami, combien t'en reste-t-il ?",8,7,51,Erreur dans le calcul,Difficile,"Bonne reponse, continue comme ca !"
85,Addition, 5 + 9 = ?,14,5,31,Confusion entre l'addition et la soustraction,Moyen,"Bonne reponse, continue comme ca !"
85,Soustraction, 7 - 3 =?,4,15,38,Mauvaise lecture de la question,Moyen,"Bonne reponse, continue comme ca !"
85,Probleme de mot,"Si tu as 10 bonbons et tu en donnes 2 à ton ami, combien t'en reste-t-il ?",8,3,49,Confusion entre l'addition et la soustraction,Difficile,"Bonne reponse, continue comme ca !"
86,Addition, 5 + 9 = ?,14,2,55,Confusion entre l'addition et la soustraction,Difficile,"Bonne reponse, continue comme ca !"
86,Soustraction, 7 - 3 =?,4,3,47,Mauvaise lecture de la question,Moyen,"Bonne reponse, continue comme ca !"
86,Probleme de mot,"Si tu as 10 bonbons et tu en donnes 2 à ton ami, combien t'en reste-t-il ?",8,7,40,Confusion entre l'addition et la soustraction,Difficile,"Bonne reponse, continue comme ca !"
87,Addition, 5 + 9 = ?,14,6,42,Confusion entre l'addition et la soustraction,Difficile,"Bonne reponse, continue comme ca !"
87,Soustraction, 7 - 3 =?,4,14,40,Mauvaise lecture de la question,Difficile,"Bonne reponse, continue comme ca !"
87,Probleme de mot,"Si tu as 10 bonbons et tu en donnes 2 à ton ami, combien t'en reste-t-il ?",8,15,57,Erreur dans le calcul,Difficile,"Bonne reponse, continue comme ca !"
88,Addition, 5 + 9 = ?,14,3,32,Erreur dans le calcul,Facile,"Bonne reponse, continue comme ca !"
88,Soustraction, 7 - 3 =?,4,5,43,Mauvaise lecture de la question,Difficile,"Bonne reponse, continue comme ca !"
88,Probleme de mot,"Si tu as 10 bonbons et tu en donnes 2 à ton ami, combien t'en reste-t-il ?",8,5,36,Erreur dans le calcul,Difficile,"Bonne reponse, continue comme ca !"
89,Addition, 5 + 9 = ?,14,13,56,Erreur dans le calcul,Facile,"Bonne reponse, continue comme ca !"
89,Soustraction, 7 - 3 =?,4,3,45,Erreur dans le calcul,Moyen,"Bonne reponse, continue comme ca !"
89,Probleme de mot,"Si tu as 10 bonbons et tu en donnes 2 à ton ami, combien t'en reste-t-il ?",8,9,55,Confusion entre l'addition et la soustraction,Moyen,"Bonne reponse, continue comme ca !"
90,Addition, 5 + 9 = ?,14,2,31,Mauvaise lecture de la question,Moyen,"Bonne reponse, continue comme ca !"
90,Soustraction, 7 - 3 =?,4,3,39,Confusion entre l'addition et la soustraction,Difficile,"Bonne reponse, continue comme ca !"
90,Probleme de mot,"Si tu as 10 bonbons et tu en donnes 2 à ton ami, combien t'en reste-t-il ?",8,4,34,Erreur dans le calcul,Moyen,"Bonne reponse, continue comme ca !"
91,Addition, 5 + 9 = ?,14,14,44,Erreur dans le calcul,Moyen,"Bonne reponse, continue comme ca !"
91,Soustraction, 7 - 3 =?,4,12,43,Erreur dans le calcul,Facile,"Bonne reponse, continue comme ca !"
91,Probleme de mot,"Si tu as 10 bonbons et tu en donnes 2 à ton ami, combien t'en reste-t-il ?",8,3,30,Confusion entre l'addition et la soustraction,Difficile,"Bonne reponse, continue comme ca !"
92,Addition, 5 + 9 = ?,14,10,58,Erreur dans le calcul,Facile,"Bonne reponse, continue comme ca !"
92,Soustraction, 7 - 3 =?,4,5,45,Mauvaise lecture de la question,Moyen,"Bonne reponse, continue comme ca !"
92,Probleme de mot,"Si tu as 10 bonbons et tu en donnes 2 à ton ami, combien t'en reste-t-il ?",8,11,59,Mauvaise lecture de la question,Facile,"Bonne reponse, continue comme ca !"
93,Addition, 5 + 9 = ?,14,5,51,Mauvaise lecture de la question,Moyen,"Bonne reponse, continue comme ca !"
93,Soustraction, 7 - 3 =?,4,9,42,Mauvaise lecture de la question,Difficile,"Bonne reponse, continue comme ca !"
93,Probleme de mot,"Si tu as 10 bonbons et tu en donnes 2 à ton ami, combien t'en reste-t-il ?",8,8,60,Erreur dans le calcul,Facile,"Bonne reponse, continue comme ca !"
94,Addition, 5 + 9 = ?,14,2,40,Confusion entre l'addition et la soustraction,Moyen,"Bonne reponse, continue comme ca !"
94,Soustraction, 7 - 3 =?,4,13,45,Erreur dans le calcul,Moyen,"Bonne reponse, continue comme ca !"
94,Probleme de mot,"Si tu as 10 bonbons et tu en donnes 2 à ton ami, combien t'en reste-t-il ?",8,4,45,Erreur dans le calcul,Facile,"Bonne reponse, continue comme ca !"
95,Addition, 5 + 9 = ?,14,15,53,Confusion entre l'addition et la soustraction,Difficile,"Bonne reponse, continue comme ca !"
95,Soustraction, 7 - 3 =?,4,1,42,Mauvaise lecture de la question,Facile,"Bonne reponse, continue comme ca !"
95,Probleme de mot,"Si tu as 10 bonbons et tu en donnes 2 à ton ami, combien t'en reste-t-il ?",8,4,32,Erreur dans le calcul,Facile,"Bonne reponse, continue comme ca !"
96,Addition, 5 + 9 = ?,14,13,45,Mauvaise lecture de la question,Moyen,"Bonne reponse, continue comme ca !"
96,Soustraction, 7 - 3 =?,4,10,35,Mauvaise lecture de la question,Facile,"Bonne reponse, continue comme ca !"
96,Probleme de mot,"Si tu as 10 bonbons et tu en donnes 2 à ton ami, combien t'en reste-t-il ?",8,1,38,Mauvaise lecture de la question,Difficile,"Bonne reponse, continue comme ca !"
97,Addition, 5 + 9 = ?,14,6,55,Mauvaise lecture de la question,Moyen,"Bonne reponse, continue comme ca !"
97,Soustraction, 7 - 3 =?,4,12,35,Confusion entre l'addition et la soustraction,Facile,"Bonne reponse, continue comme ca !"
97,Probleme de mot,"Si tu as 10 bonbons et tu en donnes 2 à ton ami, combien t'en reste-t-il ?",8,8,31,Confusion entre l'addition et la soustraction,Moyen,"Bonne reponse, continue comme ca !"
98,Addition, 5 + 9 = ?,14,11,35,Mauvaise lecture de la question,Difficile,"Bonne reponse, continue comme ca !"
98,Soustraction, 7 - 3 =?,4,9,44,Mauvaise lecture de la question,Difficile,"Bonne reponse, continue comme ca !"
98,Probleme de mot,"Si tu as 10 bonbons et tu en donnes 2 à ton ami, combien t'en reste-t-il ?",8,2,58,Confusion entre l'addition et la soustraction,Difficile,"Bonne reponse, continue comme ca !"
99,Addition, 5 + 9 = ?,14,5,54,Erreur dans le calcul,Difficile,"Bonne reponse, continue comme ca !"
99,Soustraction, 7 - 3 =?,4,6,54,Confusion entre l'addition et la soustraction,Facile,"Bonne reponse, continue comme ca !"
99,Probleme de mot,"Si tu as 10 bonbons et tu en donnes 2 à ton ami, combien t'en reste-t-il ?",8,10,54,Erreur dans le calcul,Moyen,"Bonne reponse, continue comme ca !"
100,Addition, 5 + 9 = ?,14,7,57,Erreur dans le calcul,Difficile,"Bonne reponse, continue comme ca !"
100,Soustraction, 7 - 3 =?,4,5,58,Confusion entre l'addition et la soustraction,Facile,"Bonne reponse, continue comme ca !"
100,Probleme de mot,"Si tu as 10 bonbons et tu en donnes 2 à ton ami, combien t'en reste-t-il ?",8,6,58,Confusion entre l'addition et la soustraction,Difficile,"Bonne reponse, continue comme ca !"
